id,timestamp,userId,action,resource,resourceId,statusCode,ip
5643,2026-09-12T06:18:22.294Z,u-owner-maw,GET,/audit-logs,,200,::1
5642,2026-09-12T06:18:22.290Z,u-owner-maw,GET,/audit-logs,,200,::1
5641,2026-09-12T06:18:17.038Z,u-owner-maw,GET,/u-owner-maw,,304,::1
5640,2026-09-12T06:18:17.036Z,u-owner-maw,GET,/u-owner-maw,,304,::1
5639,2026-09-12T06:18:17.035Z,u-owner-maw,GET,/me,,304,::1
5638,2026-09-12T06:18:17.035Z,u-owner-maw,GET,/tree,,304,::1
5637,2026-09-12T06:18:17.021Z,u-owner-maw,GET,/me,,304,::1
5636,2026-09-12T06:18:17.019Z,u-owner-maw,GET,/me,,304,::1
5635,2026-09-12T06:18:16.578Z,u-owner-maw,GET,/u-owner-maw,,304,::1
5634,2026-09-12T06:18:16.575Z,u-owner-maw,GET,/u-owner-maw,,304,::1
5633,2026-09-12T06:18:16.574Z,u-owner-maw,GET,/me,,304,::1
5632,2026-09-12T06:18:16.573Z,u-owner-maw,GET,/tree,,304,::1
5631,2026-09-12T06:18:16.556Z,u-owner-maw,GET,/me,,304,::1
5630,2026-09-12T06:18:16.555Z,u-owner-maw,GET,/me,,304,::1
5629,2026-09-12T06:18:15.414Z,u-owner-maw,GET,/u-owner-maw,,304,::1
5628,2026-09-12T06:18:15.413Z,u-owner-maw,GET,/u-owner-maw,,304,::1
5627,2026-09-12T06:18:15.412Z,u-owner-maw,GET,/me,,304,::1
5626,2026-09-12T06:18:15.412Z,u-owner-maw,GET,/tree,,304,::1
5625,2026-09-12T06:18:15.398Z,u-owner-maw,GET,/me,,304,::1
5624,2026-09-12T06:18:15.396Z,u-owner-maw,GET,/me,,304,::1
5623,2026-09-12T06:18:11.578Z,u-owner-maw,GET,/u-owner-maw,,304,::1
5622,2026-09-12T06:18:11.577Z,u-owner-maw,GET,/u-owner-maw,,304,::1
5621,2026-09-12T06:18:11.577Z,u-owner-maw,GET,/me,,304,::1
5620,2026-09-12T06:18:11.576Z,u-owner-maw,GET,/tree,,304,::1
5619,2026-09-12T06:18:11.562Z,u-owner-maw,GET,/me,,304,::1
5618,2026-09-12T06:18:11.560Z,u-owner-maw,GET,/me,,304,::1
5617,2026-09-12T06:18:10.171Z,u-owner-maw,GET,/u-owner-maw,,304,::1
5616,2026-09-12T06:18:10.169Z,u-owner-maw,GET,/u-owner-maw,,304,::1
5615,2026-09-12T06:18:10.169Z,u-owner-maw,GET,/me,,304,::1
5614,2026-09-12T06:18:10.168Z,u-owner-maw,GET,/tree,,304,::1
5613,2026-09-12T06:18:10.153Z,u-owner-maw,GET,/me,,304,::1
5612,2026-09-12T06:18:10.151Z,u-owner-maw,GET,/me,,304,::1
5611,2026-09-12T06:18:08.540Z,u-owner-maw,GET,/u-owner-maw,,304,::1
5610,2026-09-12T06:18:08.538Z,u-owner-maw,GET,/u-owner-maw,,304,::1
5609,2026-09-12T06:18:08.538Z,u-owner-maw,GET,/me,,304,::1
5608,2026-09-12T06:18:08.537Z,u-owner-maw,GET,/tree,,304,::1
5607,2026-09-12T06:18:08.526Z,u-owner-maw,GET,/me,,304,::1
5606,2026-09-12T06:18:08.525Z,u-owner-maw,GET,/me,,304,::1
5605,2026-09-12T06:18:05.763Z,u-owner-maw,GET,/u-owner-maw,,304,::1
5604,2026-09-12T06:18:05.761Z,u-owner-maw,GET,/u-owner-maw,,304,::1
5603,2026-09-12T06:18:05.761Z,u-owner-maw,GET,/me,,304,::1
5602,2026-09-12T06:18:05.761Z,u-owner-maw,GET,/tree,,304,::1
5601,2026-09-12T06:18:05.745Z,u-owner-maw,GET,/me,,304,::1
5600,2026-09-12T06:18:05.743Z,u-owner-maw,GET,/me,,304,::1
5599,2026-09-12T06:18:03.934Z,u-owner-maw,GET,/u-owner-maw,,304,::1
5598,2026-09-12T06:18:03.932Z,u-owner-maw,GET,/u-owner-maw,,304,::1
5597,2026-09-12T06:18:03.931Z,u-owner-maw,GET,/me,,304,::1
5596,2026-09-12T06:18:03.930Z,u-owner-maw,GET,/tree,,304,::1
5595,2026-09-12T06:18:03.912Z,u-owner-maw,GET,/me,,304,::1
5594,2026-09-12T06:18:03.909Z,u-owner-maw,GET,/me,,304,::1